company,category,url,total_uses_tools
Proclamation Goods,Home,https://www.proclamationgoods.com/,9
Tabs,Food,https://tabschocolate.com/,16
Swehl,Health & Wellness,https://swehl.com/,7
Cheribundi,Beverage,https://cheribundi.com/,10
LNDR,Apparel,https://lndr.com/,11
Primavera Avocados,Food,https://primaveraavocados.com/,5
Primavera Avocados,Food,https://primaveraavocados.com/,5
WANT Les Essentiels,Apparel,https://www.wantlesessentiels.com/,10
forét ,Apparel,https://www.foretstudio.co.uk/,8
D'Amelio Footwear,Apparel,https://www.dameliofootwear.com/,5
DSTNC ,Apparel,https://www.dstnc.com/,8
ISLE,Lifestyle,https://islesurfandsup.com/,19
Solawave,Personal Care,https://www.solawave.co/,36
De Soi,Beverage,https://drinkdesoi.com/,18
United By Blue,Apparel,https://unitedbyblue.com/,8
Taylor Stitch,Apparel,https://www.taylorstitch.com/,16
Reel,Personal Care,https://reelpaper.com/,22
Loisa,Food,https://loisa.com/,13
Keeps Furniture,Home,https://builtforkeeps.com/,3
Rains,Apparel,https://www.rains.com/,12
Little Chonk,Pet,https://www.littlechonk.com/,12
Hux,Health & Wellness,https://huxhealth.com/,19
Tecovas,Apparel,https://www.tecovas.com/,15
Kyoot,Food,https://www.eatkyoot.com/,5
April,Health & Wellness,https://itsapril.com/,4
Lack of Color,Apparel,https://lackofcolor.com/,14
Welly ,Beverage,https://livewelly.co/,6
Long Wknd,Personal Care,https://longwknd.com/,20
Miracle Brand,Home,https://www.miraclebrand.co/,34
Deux ,Food,https://www.eatdeux.com/,20
Better Booch,Beverage,https://www.betterbooch.com/,9
Vuori,Apparel,https://vuoriclothing.com/,36
Guide Beauty,Personal Care,https://www.guidebeauty.com/,8
Haws Gardening,Home,https://haws.co.uk/,6
Kate Mcleod,Personal Care,https://www.katemcleod.com/,14
Schmidt's,Personal Care,https://schmidts.com/,8
Everyday dose,Beverage,https://www.everydaydose.com/,28
On Running,Apparel,https://www.on-running.com/,13
Hally,Personal Care,https://hallyhair.com/,11
Hi!,Food,https://buyhi.co/,18
Base,Health & Wellness,https://get-base.com/,5
Made In,Home,https://madeincookware.com/,20
Studs,Lifestyle,https://studs.com/,11
Open Spaces,Home,https://getopenspaces.com/,13
Nécessaire,Personal Care,https://necessaire.com/,18
Innbeauty Project,Personal Care,https://www.innbeautyproject.com/,15
NoonBrew,Beverage,https://www.noonbrew.co/,23
Black Wolf ,Personal Care,https://blackwolfnation.com/,24
Cabinet Health,Health & Wellness,https://cabinethealth.com/,12
Drty,Beverage,https://drtydrinks.com/,4
Banza,Food,https://www.eatbanza.com/,10
Selfmade,Personal Care,https://www.beselfmade.co/,13
Princess Polly,Apparel,https://us.princesspolly.com/,17
Pulp Pantry,Food,https://pulppantry.com/,16
Bokksu,Food,https://www.bokksu.com/,29
Super Fluid,Personal Care,https://getsuperfluid.com/gb/,7
My Two Front,Health & Wellness,https://www.mytwofront.com/,4
Mirror,Lifestyle,https://www.mirror.co/,18
Nourished,Personal Care,https://get-nourished.com/,16
Labucq,Apparel,https://labucq.com/,10
Le Puzz,Lifestyle,https://lepuzz.com/,6
Bandit,Pet,https://www.french-bandit.com/,15
Feel,Health & Wellness,https://wearefeel.com/,7
Modern Fertility,Health & Wellness,https://modernfertility.com/,10
Tropicfeel,Apparel,https://shop.tropicfeel.com/,3
Bev,Beverage,https://drinkbev.com/,7
Amass,Beverage,https://amass.com/,19
EBoost ,Beverage,https://www.eboost.com/,25
Moon Pod,Home,https://www.moonpod.co/,24
Fable Pets,Pet,https://fablepets.com/,24
Aura Bora,Beverage,https://www.aurabora.com/,25
Moju,Beverage,https://mojudrinks.com/,6
My Lubie,Health & Wellness,https://mylubie.com/,10
Drip Kit,Beverage,https://dripkit.coffee/,13
Siblings,Home,https://siblings.co/,19
KNOW,Personal Care,https://knowbeauty.com/,19
FFern,Personal Care,https://ffern.co/,4
The Sleep Code,Home,https://thesleepcode.com/,11
Estrid,Personal Care,https://estrid.com/gb/,6
Sweet Dreams,Health & Wellness,https://mysweetdreams.co/,13
Kinship,Personal Care,https://lovekinship.com/,15
Geologie,Personal Care,https://geologie.com/,22
OMSOM,Food,https://omsom.com/,13
Horizn Studios,Lifestyle,https://horizn-studios.co.uk/en/,4
Stix,Health & Wellness,https://getstix.co/,22
Ripple,Lifestyle,https://www.therippleco.co.uk/,14
Bulletproof,Health & Wellness,https://www.bulletproof.com/,13
Zesti,Food,https://livezesti.com/,11
Beast,Home,https://thebeast.com/,9
Epycure,Health & Wellness,https://epycure.com/,12
Bread,Personal Care,https://www.breadbeautysupply.com/,17
Glyph,Apparel,https://glyph.earth/,12
Krave,Personal Care,https://kravebeauty.com/,19
Vyrao,Personal Care,https://vyrao.com/,8
Haeckels,Personal Care,https://haeckels.co.uk/,8
Mon fe fo,Beverage,https://monfefo.com/,6
Dropps,Home,https://www.dropps.com/,16
Dosist,Health & Wellness,https://dosist.com/,8
snif,Lifestyle,https://snif.co/,14
Lola,Health & Wellness,https://www.mylola.com/,23
Jinx,Pet,https://www.thinkjinx.com/,23
Jibby Coffee,Beverage,https://jibbycoffee.com/,13
West & Willow,Pet,https://westandwillow.com/,15
Brunt,Apparel,https://bruntworkwear.com/,32
Paravel,Lifestyle,https://tourparavel.com/,16
Soludos,Apparel,https://www.soludos.com/,23
Kinfill,Home,https://kinfill.com/,4
Death Wish Coffee,Beverage,https://www.deathwishcoffee.com/,21
Soar Running,Apparel,https://www.soarrunning.com/,11
Ayond,Personal Care,https://ayond.us/,6
Plus,Personal Care,https://cleanwith.plus/,9
Blue Apron,Food,https://www.blueapron.com/,10
Opumo,Apparel,https://www.opumo.com/,8
Balls,Personal Care,https://balls.co/,24
Alleyoop,Personal Care,https://meetalleyoop.com/,27
Ipsa,Food,https://eatipsa.com/,13
Snibbs,Apparel,https://snibbs.co/,19
Stoggles,Apparel,https://wearstoggles.com/,5
Dieux,Personal Care,https://www.dieuxskin.com/,16
Bandier,Apparel,https://www.bandier.com/,18
Plant fuel,Health & Wellness,https://plantfuel.com/,5
Prismatic Plants,Health & Wellness,https://www.prismaticplants.com/,5
Cozyland,Apparel,https://www.wearecozyland.com/,6
Ursa Major,Personal Care,https://www.ursamajorvt.com/,25
Coconut Cartel,Beverage,https://shopcoconutcartel.com/,5
Jude,Personal Care,https://www.wearejude.com/,13
Coffee Supreme,Beverage,https://www.coffeesupreme.com/,8
Unbottled,Personal Care,https://unbottled.co/,18
Dwellito,Home,https://www.dwellito.com/mini-offices,5
Dippin Daisy's,Apparel,https://www.dippindaisys.com/,20
Divyne,Personal Care,https://divyne.com/,8
MTHK,Health & Wellness,https://mthk.com,4
Typology,Personal Care,https://www.typology.com/,17
Recess Activewear,Apparel,https://ourrecess.com/,4
Elrayo Tequila,Beverage,https://elrayotequila.com/,8
Betterbrand,Health & Wellness,https://www.trybetterbrand.com/,20
Superplastic,Lifestyle,https://superplastic.co/,19
More Labs,Beverage,https://www.morelabs.com/,17
Saie,Personal Care,https://saiehello.com/,12
Grubbly Farms ,Pet,https://grubblyfarms.com/,11
MUTHA,Personal Care,https://mutha.com/,10
Yun Hai,Food,https://yunhai.shop/,5
Montgomery + Evelyn,Health & Wellness,https://www.montgomeryandevelyn.com/,7
Mindalt,Personal Care,https://www.mindalt.co/,6
Clara,Beverage,https://getclara.co/,6
Koa,Personal Care,https://livingkoa.com/,10
Soma Ayurvedic,Personal Care,https://somayurvedic.com/,7
Fable,Home,https://fablehome.co/,6
Joi,Food,https://addjoi.com/,32
Ruggable,Home,https://ruggable.com/,22
My Hare,Health & Wellness,https://myhare.la/,7
Health-Ade,Beverage,https://health-ade.com/,24
Vital Proteins,Health & Wellness,https://www.vitalproteins.com/,18
Yumi,Food,https://helloyumi.com/,22
Solo Stove,Home,https://www.solostove.com/,22
BaronFig,Lifestyle,https://www.baronfig.com/,14
Small Giants,Food,https://eatsmallgiants.com/,8
Oru Kayak,Lifestyle,https://www.orukayak.com/,30
Kudos,Kids,https://mykudos.com/,15
Saysky,Apparel,https://saysky.us/,7
Caldo,Home,https://www.caldohome.com/,6
Patch plants,Lifestyle,https://www.patchplants.com/gb/en/,8
Standard Dose,Health & Wellness,https://standarddose.com/,6
Alo Yoga,Apparel,https://www.aloyoga.com/,22
Judy,Lifestyle,https://judy.co/,26
Nutrafol,Personal Care,https://nutrafol.com/,18
Jiggy,Kids,https://jiggypuzzles.com/,14
Smalls,Pet,https://www.smallsforsmalls.com/,3
Uqora,Health & Wellness,https://uqora.com/,21
Supersapiens ,Health & Wellness,https://www.supersapiens.com/,10
Mented Cosmetics,Personal Care,https://www.mentedcosmetics.com/,21
Marea,Health & Wellness,https://mareawellness.com/,18
Comma,Home,https://www.commahome.com/,7
Window Fleur,Home,https://windowfleur.com/,5
Spikeball,Lifestyle,https://spikeball.com/,28
Itch,Pet,https://www.itchpet.com/,12
Piper Golf,Lifestyle,https://piper.golf/,7
Comrad Socks,Apparel,https://www.comradsocks.com/,21
Juna ,Health & Wellness,https://juna-world.com/,16
Joovv,Home,https://joovv.com/,13
Nugget,Kids,https://nuggetcomfort.com/,12
Lick Home,Home,https://www.lickhome.com/,12
Merci Handy,Personal Care,https://www.mercihandy.com/,14
Curie,Personal Care,https://curiebod.com/,14
Bottle Shot Brew,Beverage,https://bottleshotbrew.com/,8
Burrow,Home,https://burrow.com/,19
Champo ,Personal Care,https://www.champohaircare.com/,3
1999 Beauty,Personal Care,https://1999beauty.com/,10
Gr8nola,Food,https://www.gr8nola.com/,12
Léon & George,Home,https://www.leonandgeorge.com/,6
Bomani,Beverage,https://drinkbomani.com/,6
Temper,Health & Wellness,https://usetemper.com/,15
Surely,Beverage,https://www.hisurely.com/,12
BelliWelli,Food,https://belliwelli.com/,13
Karst,Lifestyle,https://www.karststonepaper.com/,13
Aesop,Personal Care,https://www.aesop.com/us/,14
Pasta Evangelists,Food,https://pastaevangelists.com/,11
Sandland,Health & Wellness,https://sandlandsleep.com/,21
Cuts,Apparel,https://www.cutsclothing.com/,41
Tea Drops,Beverage,https://www.myteadrop.com/,29
Rowan,Pet,https://meet-rowan.com/,4
Lagatta,Apparel,https://www.lagatta.com/,5
Baloo,Home,https://balooliving.com/,18
Pura Vida ,Apparel,https://www.puravidabracelets.com/,38
Three Wishes,Food,https://threewishescereal.com/,9
Punchy,Beverage,https://www.punchydrinks.com/,10
Hilma,Health & Wellness,https://www.hilma.co/,14
Twice,Personal Care,https://www.smiletwice.com/,17
Supergoop,Personal Care,https://supergoop.com/,28
Hims ,Health & Wellness,https://www.forhims.com/,7
Poppi,Beverage,https://www.drinkpoppi.com/,5
Buck Mason,Apparel,https://www.buckmason.com/,16
Bite,Personal Care,https://bitetoothpastebits.com/,20
Good Pair Days,Beverage,https://www.goodpairdays.com/,7
Robin Golf,Lifestyle,https://robingolf.com/,20
Empathy wines,Beverage,https://empathywines.com/,16
Vanmoof,Lifestyle,https://www.vanmoof.com/,14
Magic Spoon,Food,https://magicspoon.com/,32
Usual Wines,Beverage,https://usualwines.com/,14
Hydrant,Beverage,https://www.drinkhydrant.com/,36
Ceremonia,Personal Care,https://ceremonia.com/,16
Kimaï,Apparel,https://uk.kimai.com/,9
Brewbike,Beverage,https://www.brewbike.com/,14
Jupiter,Personal Care,https://hellojupiter.com/,22
Táche,Beverage,https://pistachiomilk.com/,10
Knix ,Apparel,https://knix.com/,21
June Shine,Beverage,https://juneshine.com/,20
Gainful,Food,https://www.gainful.com/,16
Maivino,Beverage,https://maivino.com/,10
Temple ,Personal Care,https://jointemple.com/,2
Kotn,Apparel,https://kotn.com/,15
Schoolyard Snacks,Food,https://schoolyardsnacks.com/,34
Mezcla,Food,https://eatmezcla.com/,13
Leaf Envy,Home,https://www.leafenvy.co.uk/,7
Cavale,Lifestyle,https://www.cavale.cc/,1
Cowboy,Lifestyle,https://cowboy.com/,11
Italic,Apparel,https://italic.com/,26
Chubbies,Apparel,https://www.chubbiesshorts.com/,46
Thinx,Apparel,https://www.shethinx.com/,9
OffLimits,Food,https://www.eatofflimits.com/,14
Sakara,Food,https://www.sakara.com/,22
Grummies,Health & Wellness,https://eatyourgrummies.com/,6
A Glass of,Beverage,https://aglassof.com/,3
Seed,Health & Wellness,https://seed.com/,10
Form Nutrition,Food,https://formnutrition.com/,5
Plot Wines,Beverage,https://plot.wine/,3
Liquid Death,Beverage,https://liquiddeath.com/,29
Maev,Pet,https://meetmaev.com/,27
Kin Euphorics,Beverage,https://www.kineuphorics.com/,15
Winepost,Beverage,https://winepost.co.uk/,11
Sons,Health & Wellness,https://sons.co.uk/,17
Parachute,Home,https://www.parachutehome.com/,11
Rmdy,Health & Wellness,https://rmdy.com/,15
Blume ,Personal Care,https://www.blume.com/,31
Daring,Food,https://www.daringfoods.com/,4
Theragun,Lifestyle,https://www.theragun.com/,3
Gymshark,Apparel,https://www.gymshark.com/,23
Who Gives A Crap,Personal Care,https://uk.whogivesacrap.org/,7
Misen,Home,https://www.misen.co/,9
Away,Lifestyle,https://www.awaytravel.com/,10
Vinebox,Beverage,https://www.getvinebox.com/,11
Florence by Mills,Personal Care,https://florencebymills.com/,27
Glossier,Personal Care,https://www.glossier.com/,18
Nuun,Health & Wellness,https://nuunlife.com/,15
Our Place,Home,https://fromourplace.com/,23
ASYSTEM,Health & Wellness,https://www.asystem.com/,27
Topicals,Personal Care,https://mytopicals.com/,21
Homethings,Home,https://gethomethings.com/,15
Acid League,Food,https://www.acidleague.com/,10
Veloretti,Lifestyle,https://www.veloretti.com/,9
Nati,Beverage,https://www.hellonati.com/,2
Hero Cosmetics,Personal Care,https://www.herocosmetics.us/,19
Starface,Personal Care,https://starface.world/,21
Girlfriend Collective,Apparel,https://www.girlfriend.com/,31
Haus,Beverage,https://drink.haus/,30
Days Brewing,Beverage,https://daysbrewing.com/,11
Doe Lashes,Personal Care,https://www.doelashes.com/,25
Nice Wine,Beverage,https://nice-drinks.co.uk/,7
Kettle & Fire,Food,https://www.kettleandfire.com/,39
Filling Pieces,Apparel,https://www.fillingpieces.com/,12
Barcode,Beverage,https://drinkbarcode.com/,17
Nowadays,Food,https://eatnowadays.com/,16
Soft Services,Personal Care,https://softservices.co/,16
Crossnet,Lifestyle,https://www.crossnetgame.com/,24
Evvy,Health & Wellness,https://www.evvy.com/,9
Every Man Jack,Personal Care,https://www.everymanjack.com/,33
Farmers Juice,Beverage,https://farmersjuice.com/,13
Parchie,Apparel,https://parchiepal.com/,5
Fussy,Personal Care,https://www.getfussy.com/,18
Crafty Ramen,Food,https://craftyramen.com/,9
Misfits Health,Food,https://misfits.health/,15
Amora Coffee,Beverage,https://amoracoffee.com/,21
PrettyLitter,Pet,https://www.prettylitter.com/,17
Gym Gum,Food,https://gymgum.co/,6
HighKey,Food,https://highkey.com,27
Olipop,Beverage,https://drinkolipop.com/,35
Quarter,Beverage,https://www.quarterproof.com,5
Ten Thousand,Apparel,https://www.tenthousand.cc/,29
Smpl Bars,Food,https://livesmpl.com,9
MOOM,Health & Wellness,https://moom.health/,8
Rightful,Health & Wellness,https://rightful.com/,4
dalci,Food,https://www.dalci.com/,8
Jones Road,Personal Care,https://jonesroadbeauty.com/,31
Obvi,Health & Wellness,https://myobvi.com/,29
Singular Society,Apparel,https://singular-society.com/,12
Graza,Food,https://www.graza.co/,12
moody,Apparel,https://moodylenses.com,4
Ridge,Lifestyle,https://ridge.com/,29
Arrae,Health & Wellness,https://www.arrae.com/,17
Cloud Sharks,Apparel,https://cloudsharks.co/,14
Golde,Health & Wellness,https://golde.co/,11
L'Amarue,Personal Care,https://www.shoplamarue.com/,20
Veso ,Beverage,https://drinkveso.com/,7
Primal Wine,Beverage,https://primalwine.com/,8
Drink Dope,Beverage,https://dopedrinks.co/,1
Hawthorne,Personal Care,https://hawthorne.co/,21
Just Wears,Apparel,https://just-wears.com/,12
The Get Out,Lifestyle,https://thegetout.shop/,4
APL,Apparel,https://www.athleticpropulsionlabs.com/,27
Plantable,Food,https://plantable.com/,11
Libby,Beverage,https://drinklibby.com/,7
Nephew,Home,https://nephew.furniture/,4
Figlia,Beverage,https://drinkfiglia.com/,7
Afterglo,Health & Wellness,https://www.myafterglo.com/,5
District Vision,Apparel,https://districtvision.com/,5
Dirty Lemon,Beverage,https://dirtylemon.com/,3
Rú,Beverage,https://eatdrinkru.com/,3
Huppy,Health & Wellness,https://behuppy.com/,15
Rhode,Personal Care,https://www.rhodeskin.com/,12
Fresh Sends,Lifestyle,https://freshsends.com/,12
Core Meditation,Lifestyle,https://www.hellocore.com/,14
Konmari,Home,https://konmari.com/,7
Assembly Label,Apparel,https://assemblylabel.com/,11
Happy Human,Home,https://www.heyhappyhuman.com/,15
Good Remedy,Health & Wellness,https://goodremedy.co/,7
Sneak,Lifestyle,https://sneakenergy.com/,20
Kencko,Beverage,https://www.kencko.com/,21
Crosstown Doughnuts,Food,https://www.crosstowndoughnuts.com/,6
Mosaic Foods,Food,https://www.mosaicfoods.com/,8
Atticus,Personal Care,https://www.beatticus.com/,11
Mid Day Squares,Food,https://www.middaysquares.com/,8
Great Jones,Home,https://greatjonesgoods.com/,17
BALA,Apparel,https://wearebala.com/,11
Clevr Blends,Beverage,https://clevrblends.com/,23
Loaf,Home,https://loaf.com/,3
Prima,Health & Wellness,https://www.prima.co/,29
Bloomscape,Home,https://bloomscape.com/,14
Nurture Life,Kids,https://www.nurturelife.com/,13
Fav,Personal Care,https://personalfav.co/,4
Corkcicle,Lifestyle,https://corkcicle.com/,32
Bean Bros,Beverage,https://beanbros.co/,8
Perelel,Health & Wellness,https://perelelhealth.com/,15
Rally,Beverage,https://drinkrally.ca/,5
Faherty Brand,Apparel,https://fahertybrand.com/,23
Nadaam,Apparel,https://naadam.co/,16
Outdoor Voices,Apparel,https://www.outdoorvoices.com/,14
Crystals,Lifestyle,https://www.crystals.com/,10
The Field Company,Home,https://fieldcompany.com/,9
SUPER73,Lifestyle,https://super73.com/,18
Feals,Health & Wellness,https://feals.com/,24
Future Noodles,Food,https://futurenoodles.com/,6
Eadem,Personal Care,https://eadem.co/,13
Bravo Sierra,Personal Care,https://www.bravosierra.com/,18
Leesa ,Home,https://www.leesa.com/,20
Merit,Personal Care,https://www.meritbeauty.com/,10
Ergatta,Lifestyle,https://www.ergatta.com/,15
Lusso,Apparel,https://lussocloud.com/,10
Forfolk,Health & Wellness,https://www.forfolk.earth/,5
Keeps,Health & Wellness,https://www.keeps.com/,15
IKU,Food,https://eatiku.com.au/,7
Rimowa,Lifestyle,https://www.rimowa.com/us/en/home,11
The Sill,Lifestyle,https://www.thesill.com/,21
Remrise,Health & Wellness,https://getremrise.com/,4
Stojo,Lifestyle,https://stojo.co/,11
Art Of Sport,Personal Care,https://artofsport.com/,12
Canopy,Health & Wellness,https://getcanopy.co/,19
Motion Nutrition,Health & Wellness,https://motionnutrition.com/,16
Chomps food,Food,https://chomps.com/,23
Wild One,Pet,https://wildone.com/,26
Matek,Apparel,https://matek.clothing/,7
Boxed Water,Beverage,https://boxedwaterisbetter.com/,9
Sunday Lawn,Home,https://www.getsunday.com/,11
Cale,Beverage,https://drinkcale.com/,1
Knickey,Apparel,https://knickey.com/,17
Splendid Spoon,Food,https://splendidspoon.com/,17
MatchaBar,Beverage,https://www.matchabar.co/,17
Western Rise,Apparel,https://westernrise.com/,27
Inkbox,Personal Care,https://inkbox.com/,17
Beached,Personal Care,https://beached.com/,4
eddi,Home,https://meeteddi.com/,10
Versed,Personal Care,https://versedskin.com/,18
Bonafide,Health & Wellness,https://hellobonafide.com/,30
Aura Glow,Health & Wellness,https://auraglow.com/,13
Peloton,Lifestyle,https://www.onepeloton.com/shop/bike,16
Wild dose,Health & Wellness,https://wild-dose.com/,4
Allplants,Food,https://allplants.com/,22
Oishii,Food,https://www.oishiiberry.com/,3
Sleepy Cat,Home,https://sleepycat.in/,5
Pet Plate,Pet,https://www.petplate.com/,11
Homesick,Home,https://homesick.com/,27
Kylie Swim,Apparel,https://kyliejenner.com/,7
Primary Goods,Home,https://primarygoods.com/,8
Wunderground,Beverage,https://wundergroundcoffee.com/,16
Palorama,Kids,https://paloroma.com/,3
Fur,Personal Care,https://furyou.com/,21
Vadham Teas,Beverage,https://www.vahdamteas.com/,5
Hitch,Lifestyle,https://www.carryhitch.com/,19
Boody,Apparel,https://boody.co.nz/,14
Catalyst,Pet,https://catalystpet.com/,11
Tempo Fit,Lifestyle,https://tempo.fit/,4
Baggu,Lifestyle,https://baggu.com/,20
Favour Gums,Health & Wellness,https://www.favourgum.com/,13
Native Pet,Pet,https://nativepet.com/,19
Rogue,Lifestyle,https://www.roguefitness.com/,4
Inside Weather,Home,https://insideweather.com/,14
Alt,Health & Wellness,https://altlife.com/,8
Plant People,Health & Wellness,https://plantpeople.co/,25
Quip ,Personal Care,https://www.getquip.com/,14
Equator Coffees,Beverage,https://www.equatorcoffees.com/,11
Dims,Home,https://www.dimshome.com/,5
Muddy Bites,Food,https://www.muddybites.com/,12
Rothys,Apparel,https://rothys.com/,25
Kib Tea,Beverage,https://www.kibtea.com/,6
Hello Bello,Kids,https://hellobello.com/,19
Upright Oats,Food,https://www.uprightoats.com/,5
Rhone,Apparel,https://www.rhone.com/,29
Ghia,Beverage,https://drinkghia.com/,22
Loop Earplugs,Lifestyle,https://eu.loopearplugs.com/,2
Number 2,Home,https://gono2.com/,6
Tempo,Home,https://shop.tempo.fit/,8
HoneyPot,Health & Wellness,https://thehoneypot.co/,15
Thriva,Health & Wellness,https://thriva.co/,9
Sienna Naturals,Personal Care,https://www.siennanaturals.com/,15
Clmbr,Lifestyle,https://www.clmbr.com/,17
Happy Socks,Apparel,https://www.happysocks.com/,5
Huron,Personal Care,https://usehuron.com/,18
Skims,Apparel,https://skims.com/,17
Chu,Food,https://chugummies.com/,7
Simply Framed,Home,https://simplyframed.com/,13
Evens tums,Health & Wellness,https://evens.com/,8
Arber,Home,https://growarber.com/,17
Ballsy,Personal Care,https://ballwash.com/,37
Bonbuz,Beverage,https://bonbuz.com/,11
Nom Nom Now,Pet,https://www.nomnomnow.com/,10
Good Mylk,Beverage,https://goodmylk.co/,16
Junes Bags,Lifestyle,https://junes.co/,10
MAAP,Lifestyle,https://maap.cc/us,20
Hungry root,Food,https://www.hungryroot.com/,8
Colugo,Kids,https://hicolugo.com/,14
Bloom and Wild,Home,https://www.bloomandwild.com/,9
NOWE,Apparel,https://www.noweskico.com/,3
OUAI,Personal Care,https://theouai.com/,27
Immi,Food,https://immieats.com/,24
Buddy Nutrition,Food,https://www.buddynutrition.com/,1
Dossier,Personal Care,https://dossier.co/,21
D.S. & DURGA,Home,https://dsanddurga.com/,15
Ten Little,Kids,https://tenlittle.com/,16
Allbirds,Apparel,https://www.allbirds.com/,24
Begin Health,Health & Wellness,https://www.beginhealth.com/,18
Daily Harvest,Food,https://www.daily-harvest.com/,12
Type:A Deodorant,Personal Care,https://typeadeodorant.com/,11
Museum of Peace & Quiet,Apparel,https://museumofpeaceandquiet.us/,3
Function of beauty,Personal Care,https://www.functionofbeauty.com/,9
A Pup Above,Pet,https://apupabove.com/,22
Caleno,Beverage,https://calenodrinks.com/,8
Vacation,Personal Care,https://www.vacation.inc,11
Caats,Pet,https://caats.co/,13
Rara,Apparel,https://rara.jewelry/,2
456 Skin,Personal Care,https://www.456skin.com/,10
Bearaby,Home,https://bearaby.com/,19
Spatula Foods,Food,https://www.spatulafoods.com/,7
Facile,Personal Care,https://facileskin.com/,14
Covey,Personal Care,https://coveyskin.com/,19
Welly,Health & Wellness,https://www.getwelly.com/,21
Bobbie,Kids,https://www.hibobbie.com/,26
Sijo,Home,https://www.sijohome.com/,27
Palm of Ferronia,Personal Care,https://www.palmofferonia.com/,5
The Arrivals,Apparel,https://thearrivals.com/,14
Sugardoh,Personal Care,https://sugardoh.co/,16
Trip,Beverage,https://drink-trip.com/,18
True Botanicals,Personal Care,https://truebotanicals.com/,34
Genusee,Apparel,https://genusee.com/,6
Mizzen + Main,Apparel,https://www.mizzenandmain.com/,21
Saye,Apparel,https://www.sayebrand.com/,11
Liquid IV,Health & Wellness,https://www.liquid-iv.com/,30
Jolie,Home,https://jolieskinco.com/,16
Otherworld,Food,https://eatotherworld.com/,17
MOTH,Beverage,https://mothdrinks.com/,9
NOBULL,Apparel,https://www.nobullproject.com,25
JUST water,Beverage,https://justwater.com/,19
HNST,Apparel,https://www.letsbehonest.eu/,5
Axiology,Personal Care,https://axiologybeauty.com/,11
Airsign,Home,https://airsign.co/,8
Omami,Kids,https://www.omami.co.uk/,8
GIR,Home,https://www.gir.co/,19
Forthglade,Pet,https://forthglade.com/,8
Whiled ,Lifestyle,https://whiled.co/,5
Kuru,Apparel,https://www.kurufootwear.com/,14
Brüush,Personal Care,https://bruush.com/,18
Oat Haus,Food,https://oat.haus/,12
Dirty Labs,Home,https://dirtylabs.com/,16
tbh,Food,https://www.snacktbh.com/,11
Cuup,Apparel,https://shopcuup.com/,24
Ghost,Lifestyle,https://www.ghostlifestyle.com/,18
Orbit Key,Lifestyle,https://www.orbitkey.com/,16
Broya ,Food,https://broyaliving.com/,11
Routinely ,Personal Care,https://routinely.com/,8
GA Pizza,Food,https://gapizza.com/,12
Atreyu,Apparel,https://www.atreyurunning.com/,10
Grind,Beverage,https://grind.co.uk/,10
Sporcks,Apparel,https://sporcks.com/,5
Tuft & Needle,Home,https://www.tuftandneedle.com/,10
Ritual,Health & Wellness,https://ritual.com/,16
Dripdash,Beverage,https://dripdash.com/,10
Canada Pooch,Pet,https://canadapooch.com/,20
Horace,Personal Care,https://horace.co/,9
Dollar Shave Club,Personal Care,https://uk.dollarshaveclub.com/,1
Sonno,Home,https://www.sleepsonno.com/,10
Gussi,Personal Care,https://www.gussihair.com/,10
Stasher,Food,https://www.stasherbag.com/,22
Noie,Health & Wellness,https://noie.com/,10
Hello Sunday,Personal Care,https://www.hellosundayspf.com/,8
Peace Out,Personal Care,https://peaceoutskincare.com/,20
Your Super ,Health & Wellness,https://yoursuper.eu/,20
Rowing Blazers,Apparel,https://rowingblazers.com/,20
Kuiu,Apparel,https://www.kuiu.com/,17
Alday,Apparel,https://alday.co/,15
696 Nyc,Home,https://696nyc.com/,1
Jack Henry,Personal Care,https://jackhenry.co/,24
Capsule,Health & Wellness,https://capsule.com/,12
Spring,Home,https://wespring.com/,3
The Good Ritual,Beverage,https://thegoodritual.com/,7
Regimen Lab,Personal Care,https://regimenlab.com/,11
Goodles,Food,https://goodles.com,12
Hubble,Health & Wellness,https://www.hubblecontacts.com/,18
Greats,Apparel,https://www.greats.com/,26
Soonish,Beverage,https://sipsoonish.com/,5
Kabo,Pet,https://kabo.co/,14
F Miller,Personal Care,https://fmillerskincare.com/,7
Overtone,Personal Care,https://overtone.co/,19
Felix Gray,Apparel,https://shopfelixgray.com/,15
Every,Food,https://every-foods.com/,16
Four Sigmatic,Beverage,https://us.foursigmatic.com/,17
Looma,Home,https://loomahome.com/,7
Proper,Health & Wellness,https://www.getproper.com/,23
Great Heights,Apparel,https://greatheights.com/,7
Curology,Personal Care,https://curology.com/,15
Kester Black,Personal Care,https://www.kesterblack.com/,12
BlendJet,Home,https://blendjet.com/,19
Jho,Health & Wellness,https://www.jho.fr/,11
Neighbor,Home,https://www.hineighbor.com/,24
Dash ,Beverage,https://dash-water.com/,11
KNC Beauty,Personal Care,https://kncbeauty.com/,6
Index,Apparel,https://www.index.shop/,4
Diaspora,Food,https://www.diasporaco.com/,11
Fenty Beauty,Personal Care,https://www.fentybeauty.com/,14
We are wild,Personal Care,https://www.wearewild.com/,28
Marlow ,Home,https://marlowpillow.com/,10
Kith,Apparel,https://kith.com/,16
Lesse,Personal Care,https://lesseofficial.com/,10
Muse,Lifestyle,https://choosemuse.com/,22
Gooey,Food,https://gooeysnacks.com/,16
Alec's Ice Cream,Food,https://www.alecsicecream.com/,6
Phlur,Lifestyle,https://phlur.com,7
Coop,Home,https://coophomegoods.com/,18
Hapa Kristin,Personal Care,https://www.hapakristin.com/collections/main,16
Harper Wilde,Apparel,https://harperwilde.com/,33
Boie,Personal Care,https://boieusa.com/,16
Riley Home,Home,https://www.rileyhome.com,15
Alder,Apparel,https://www.alderapparel.com/,13
Taika,Beverage,https://taika.co/,20
Tower 28,Personal Care,https://www.tower28beauty.com/,13
Universal Standard,Apparel,https://www.universalstandard.com/,29
Tula,Personal Care,https://www.tula.com/,29
Zest Tea,Beverage,https://www.zesttea.com/,18
Therapy Notebooks,Lifestyle,https://shop.therapynotebooks.com/,10
Solid & Striped,Apparel,https://www.solidandstriped.com/,22
Neuro,Health & Wellness,https://getneuro.com/,28
Chubby,Food,https://www.chubbysnacks.co/,12
Snowpeak,Apparel,https://snowpeak.com/,12
The Good Patch,Health & Wellness,https://thegoodpatch.com/,21
Tenzing,Beverage,https://tenzingnaturalenergy.com/,5
SAYSO,Beverage,https://drinksayso.com/,10
Face Theory ,Personal Care,https://www.facetheory.com/,19
Spark Grills,Home,https://www.sparkgrills.com/,13
trubrain,Health & Wellness,https://www.trubrain.com/,22
Neighborhood Goods,Apparel,https://neighborhoodgoods.com/,8
Crocs,Apparel,https://www.crocs.com/,10
Warby Parker,Apparel,https://www.warbyparker.com/,9
July Air Conditioning,Home,https://july.ac/,11
Supply,Personal Care,https://supply.co/,17
Sunspel,Apparel,https://www.sunspel.com/uk/,10
Aavrani,Personal Care,https://aavrani.com/,14
Yóu Yóu,Food,https://cookwithyouyou.com/,9
M.M. LaFleur,Apparel,https://mmlafleur.com/,11
O POSITIV,Health & Wellness,https://opositiv.com/,15
Draper James,Apparel,https://draperjames.com/,22
Nutri Rich,Health & Wellness,https://www.nutri-rich.com/,6
Good Light,Personal Care,https://www.goodlight.world/,22
Common Era,Apparel,https://commonera.com/,18
hai,Home,https://gethai.com/,14
Gem,Food,https://www.dailygem.co/,20
Desmond and Dempsey,Apparel,https://desmondanddempsey.com/,17
Hommey,Home,https://gethommey.com/,17
Fulton,Apparel,https://walkfulton.com/,16
Rootless,Health & Wellness,https://www.getrootless.com/,8
Loftie,Home,https://byloftie.com/,18
Feather,Home,https://www.livefeather.com/,10
JetFuel,Health & Wellness,https://jetfuelyou.com,19
ZBiotics,Health & Wellness,https://zbiotics.com/,20
First Person ,Health & Wellness,https://getfirstperson.com/,10
Ohza,Beverage,https://ohzamimosas.com/,10
Ordo,Personal Care,https://www.ordolife.com/,12
busy co,Personal Care,https://getbusy.co/,10
Kendamil,Kids,https://kendamil.com/,8
Lucky Paws,Pet,https://shopluckypaws.com/,19
Ettitude,Home,https://www.ettitude.com/,17
Noah,Home,https://noahsbox.com/,16
Then I met you,Personal Care,https://thenimetyou.com/,13
Pluto,Home,https://plutopillow.com/,12
PLINK!,Beverage,https://drinkplink.com/,6
Grounded,Beverage,https://grounded.co.uk/,6
Umami Cart,Food,https://umamicart.com/,18
Front of the pack,Pet,https://fotp.com/us/en,12
Firebelly Tea,Beverage,https://www.firebellytea.com/,15
Mr. Marvis,Apparel,https://www.mrmarvis.com/,9
Tracksmith,Apparel,https://www.tracksmith.com/,29
Crude,Personal Care,https://livecrude.com/,14
Pzaz,Beverage,https://pzaz.com/,11
Mij,Personal Care,https://mijmasks.com/,3
Bonsoir,Home,https://www.bonsoirs.com/,14
Thirdlove ,Apparel,https://www.thirdlove.com/,35
Juicy Marbles,Food,https://www.juicymarbles.com/,6
Smart Sweets,Food,https://smartsweets.com/,15
Tyme,Food,https://www.tymefood.com/,10
Atmo,Home,https://www.atmohome.com/,12
Mojo,Health & Wellness,https://mojo.shop,14
Ruka,Personal Care,https://rukahair.com/,21
A.N. Other,Personal Care,https://an-other.com/,5
Ruby,Beverage,https://ruby.fun/,5
Haven's Kitchen ,Food,https://havenskitchen.com/,16
Recess ,Beverage,https://takearecess.com/,19
Dr Wills,Food,https://www.dr-wills.com/,8
Boy Smells,Home,https://boysmells.com/,11
Lasso,Apparel,https://lassogear.com/,21
Made,Home,https://www.made.com/,5
Bask,Health & Wellness,https://basksuncare.com/,13
We Are Womanhood,Apparel,https://womanhood.shop/,9
ZitSticka,Personal Care,https://zitsticka.co.uk/,16
Freshly,Food,https://www.freshly.com/,12
Atlas,Food,https://atlasbars.com/,31
The Beauty Chef,Health & Wellness,https://thebeautychef.com/,30
Keeko,Personal Care,https://www.keekooralcare.com/,10
Potage,Food,https://www.potage.co.uk/,10
Halfday,Beverage,https://drinkhalfday.com/,10
Mahabis,Apparel,https://mahabis.com/,13
Harper Coats,Apparel,https://harpercoats.com/,5
M.Gemi,Apparel,https://mgemi.com/,25
Brooklyn Biltong,Food,https://www.brooklynbiltong.com/,18
Public Goods,Home,https://www.publicgoods.com/,22
Kaja Beauty ,Lifestyle,https://kajabeauty.com/,17
Mammut,Apparel,https://www.mammut.com/us/en,8
Reggie,Pet,https://helloreggie.com/,5
Dude Products,Home,https://www.dudeproducts.com/,18
Javy,Beverage,https://javycoffee.com/,26
superzero,Personal Care,https://superzero.com/,24
Buoy,Beverage,https://justaddbuoy.com/,15
Sundays,Pet,https://sundaysfordogs.com/,12
Lovevery,Kids,https://lovevery.com/,22
Fenton,Apparel,https://fentonand.co/,10
Goldmine,Health & Wellness,https://drinkgoldmine.com/,7
Aurelien shoes,Apparel,https://aurelien-online.com/,11
Batch Organics,Food,https://batch-organics.com/,6
Lumi,Lifestyle,https://playlumi.com/,10
August,Health & Wellness,https://www.itsaugust.co/,13
Heights,Health & Wellness,https://www.yourheights.com/,7
Aisle,Health & Wellness,https://periodaisle.com/,11
Coterie,Kids,https://www.coterie.com/,17
Lupii,Food,https://getlupii.com/,7
Untuckit,Apparel,https://untuckit.co.uk/,26
Flotte,Apparel,https://www.flotte.fr/,16
Frey,Home,https://frey.com/,14
Served,Beverage,https://www.serveddrinks.co.uk/,11
Nuud,Personal Care,https://nuudcare.com/,9
Semaine,Health & Wellness,https://www.semainehealth.com/,19
Apothem Labs,Personal Care,https://apothemlabs.com/,8
Dstld,Apparel,https://www.dstld.com/,9
Gigantic!,Food,https://giganticcandy.com/,8
Picnic,Health & Wellness,https://picnicallergy.com/,2
Hiya,Kids,https://hiyahealth.com/,16
Titan Sinkware,Home,https://titansinkware.com/,4
Act + Acre,Personal Care,https://actandacre.com/,24
Lalo,Kids,https://meetlalo.com/,22
Grove Collaborative,Home,https://www.grove.co/,11
Allkinds,Kids,https://www.allkinds.com/,6
Verb,Food,https://www.verbenergy.co/,13
TOMS,Apparel,https://www.toms.com/,18
Ministry of Supply,Apparel,https://www.ministryofsupply.com/,23
Cake,Personal Care,https://hellocake.com/,25
Otherland,Home,https://www.otherland.com/,12
Oats Overnight,Food,https://www.oatsovernight.com/,12
Brightland,Food,https://brightland.co/,19
The Nue Co,Health & Wellness,https://www.thenueco.com/,26
Complex Coffee,Beverage,https://complexcoffee.com/,3
Natalist,Health & Wellness,https://natalist.com/,11
House Plant,Lifestyle,https://www.houseplant.com/,9
Plant Paper,Home,https://plantpaper.us/,5
Journ,Personal Care,https://ourjourn.com/,18
Magic Mind,Beverage,https://magicmind.co/,30
Bodewell,Personal Care,https://bodewellskin.com/,9
Dose,Health & Wellness,https://dosedaily.co/,18
Nidé,Personal Care,https://www.nide.co/,7
Sabah,Apparel,http://www.sabah.am/,15
Everyday Humans,Personal Care,https://www.everyday-humans.com/,10
Dedcool,Home,https://dedcool.com/,16
Aisling Organics,Personal Care,https://aislingorganics.com/,17
Roman,Health & Wellness,https://www.getroman.com/,8
How we roll,Home,https://au.howwerollco.co/,8
Coconut Cult,Food,https://thecoconutcult.com/,14
Courser,Apparel,https://courserworld.com/,9
Seedlip,Beverage,https://seedlipdrinks.com/uk/,10
Pricklee,Beverage,https://pricklee.com/,5
Behave,Food,https://www.eatbehave.com/,15
Occo ,Food,https://www.eatocco.com/,7
Roomify,Home,https://www.roomify.com/,7
Sanzo,Beverage,https://www.drinksanzo.com/,13
Aurate,Apparel,https://auratenewyork.com/,21
Crappy,Apparel,https://www.crapeyewear.com/,18
Mushroom Design,Health & Wellness,https://mushroomdesign.com/,14
Plantrise,Food,https://plantrise.com/,9
Lemon Perfect,Beverage,https://lemonperfect.com/,13
Larq,Lifestyle,https://www.livelarq.com/,19
Better & Better,Personal Care,https://betterandbetter.com/,8
Bee's Wrap,Home,https://www.beeswrap.com/,8
Frankies Bikinis,Apparel,https://frankiesbikinis.com/,18
Unscented Co,Home,https://unscentedco.com/,8
Sweet Nothings,Food,https://www.eatsweetnothings.com/,11
Ugmonk,Lifestyle,https://ugmonk.com/,17
Rooted,Home,https://heyrooted.com/,20
L'Estrange London,Apparel,https://lestrangelondon.com/,17
De Lune,Health & Wellness,https://www.delune.co/,14
HeTime,Personal Care,https://hetime.com/,5
Hey Charles,Apparel,https://hey-charles.com/,8
Black Lines,Beverage,https://blacklinesdrinks.com/,4
Rosaluna,Beverage,https://mezcalrosaluna.com/,5
Avaline ,Food,https://drinkavaline.com/,13
The Big Blanket,Home,https://bigblanket.com/,29
Tailored Pet,Pet,https://tailoredpet.com/,2
Floom,Lifestyle,https://www.floom.com/,11
Surreal,Food,https://eatsurreal.co.uk/,7
Soma,Home,https://drinksoma.com/,14
Little Spoon,Kids,https://www.littlespoon.com/,14
Great Wrap ,Home,https://www.greatwrap.co/,10
Camp,Food,https://www.eatcamp.com/,16
Comme Si,Apparel,https://www.commesi.com/,5
Thesis,Health & Wellness,https://takethesis.com/,23
Vivo Barefoot,Apparel,https://www.vivobarefoot.com/uk,11
Biocol Labs,Health & Wellness,https://www.biocollabs.com/,18
Wholier,Health & Wellness,https://www.livewholier.com/,19
Madhappy,Apparel,https://www.madhappy.com/,21
Butternut Box,Pet,https://butternutbox.com/,11
Safely,Home,https://getsafely.com/,12
Pangaia,Apparel,https://thepangaia.com/,4
Papier,Home,https://www.papier.com/,8
Gardyn ,Home,https://mygardyn.com/,12
Joya,Health & Wellness,https://joya.ca/,16
Crane Cookware,Home,https://www.cranecookware.com/,6
The Stem,Home,https://thestem.co.uk/,9
Pillow Cube,Home,https://www.pillowcube.com/,27
Satisfy Running,Apparel,https://satisfyrunning.com/,11
Dr. Elsa Jungman,Personal Care,https://dr-ej.com/,17
HVMN,Health & Wellness,https://hvmn.com/,24
Brooklinen,Home,https://www.brooklinen.com/,25
Maniko,Personal Care,https://www.maniko-nails.co.uk/,7
Bala,Lifestyle,https://shopbala.com/,26
Flux Undies,Apparel,https://www.fluxundies.com/,5
Vybes,Beverage,https://idrinkvybes.com/,13
Flamingo,Personal Care,https://www.shopflamingo.com/,10
Darn Good Yarn ,Lifestyle,https://www.darngoodyarn.com/,22
Bad Habit,Health & Wellness,https://badhabitbeauty.com/,5
Run Gum,Health & Wellness,https://rungum.com/,21
Floyd One,Lifestyle,https://floyd.one/,6
Sheertex,Apparel,https://www.sheertex.com/,30
Lucy,Health & Wellness,https://lucy.co/,15
Mori,Kids,https://babymori.com/,13
Undercover,Home,https://undercoverliving.com/,7
Mud Wtr,Beverage,https://mudwtr.com/,37
Carbon 38,Apparel,https://www.carbon38.com/,16
Goli Gummy,Health & Wellness,https://goli.com/,17
Clove,Apparel,https://goclove.com,19
Tribe,Food,https://wearetribe.co/,6
Highline Wellness CBD,Health & Wellness,https://highlinewellness.com/,27
Rave Coffee,Beverage,https://ravecoffee.co.uk/,20
Bevel,Personal Care,https://getbevel.com/,9
Material Kitchen,Home,https://materialkitchen.com/,10
Nopalera,Personal Care,https://nopalera.co/,12
Marine Layer,Apparel,https://www.marinelayer.com/,8
Terrelique,Apparel,https://terrelique.com/,7
Nolli,Lifestyle,https://nolii.com/,9
Native,Personal Care,https://www.nativecos.com/,27
Parade,Apparel,https://yourparade.com/,23
Pym,Health & Wellness,https://youcanpym.com/,21
Unico Zelo,Beverage,https://www.unicozelo.com.au/,5
Drink Almighty,Beverage,https://www.drinkalmighty.com/,8
LifeLabs,Apparel,https://lifelabs.design/,8
Maddle,Lifestyle,https://maddleboards.ca/,18
Andie,Apparel,https://andieswim.com/,40
Caval,Apparel,http://caval.fr/,9
Windmill,Home,https://www.windmillair.com/,9
Kosas,Personal Care,https://kosas.com,22
Noodie,Food,https://getnoodie.com/,10
Vitruvi,Home,https://vitruvi.com/,23
Spoke ,Apparel,https://spoke-london.com/,19
By Humankind,Personal Care,https://byhumankind.com/,9
Nectar Sleep,Home,https://www.nectarsleep.com/,10
Champ,Health & Wellness,https://meetchamp.com/,8
Eat Your Coffee,Beverage,https://www.eatyour.coffee/,11
ira,Personal Care,https://www.iraconcept.com/,6
Eight Sleep,Home,https://www.eightsleep.com/,25
Rise Brewing,Beverage,https://risebrewingco.com/,6
CDLP ,Apparel,https://cdlp.com/,17
Hint,Beverage,https://www.drinkhint.com/,11
Anyday,Home,https://cookanyday.com/,17
Wonder Monday ,Food,https://wondermonday.com/,17
Vitl,Health & Wellness,https://vitl.com/,11
Bedfolk,Home,https://bedfolk.com/,17
Aeyla,Home,https://www.aeyla.co.uk/,15
Ovaterra,Health & Wellness,https://myovaterra.com/,15
RSVP Paris,Apparel,https://rsvp-paris.com/,11
Palette,Home,https://www.palette.eco/,3
For Days,Apparel,https://www.fordays.com/,27
Mamamade,Kids,https://mamamadefood.com/,16
Cha Cha Matcha,Beverage,https://chachamatcha.com/,10
INBLOOM,Health & Wellness,https://www.tobeinbloom.com/,17
Underdays,Apparel,https://theunderdays.com/,11
Hylo,Apparel,https://hyloathletics.com/,7
Wild Nutrition,Health & Wellness,https://www.wildnutrition.com/,19
Static Nails,Personal Care,https://staticnails.com/,13
IKÓ,Beverage,https://ikodrinks.com/,7
Care/Of,Health & Wellness,https://takecareof.com/,15
Harry's ,Personal Care,https://www.harrys.com/,21
Huel,Food,https://uk.huel.com/,5
Gossamer,Health & Wellness,https://www.gossamer.co/,10
Molekule,Home,https://molekule.com/,20
HOP WTR,Beverage,https://hopwtr.com/,21
Recoop,Health & Wellness,https://getrecoop.com/,20
Goldilocks,Home,https://cookgoldilocks.com/,4
Stryx,Personal Care,https://www.stryx.com/,29
Hydrow,Lifestyle,https://hydrow.com/,23
Commonry,Apparel,https://www.commonry.com/,8
Boka,Personal Care,https://www.boka.com,23
Soylent,Food,https://soylent.com/,28
Maude,Health & Wellness,https://getmaude.com/,14
Doona,Kids,https://www.doona.com,9
Lash,Personal Care,https://lashreality.com/,7
Melyon,Personal Care,https://www.melyon.co/,4
United Sodas of America,Beverage,https://unitedsodas.com/,7
Cocokind,Personal Care,https://www.cocokind.com/,13
Autobrush,Health & Wellness,https://tryautobrush.com/,22
Helix,Home,https://helixsleep.com/,27
Totm,Health & Wellness,https://www.totm.com/,7
Remy ,Home,https://www.remysleep.com/,16
Figs,Apparel,https://www.wearfigs.com/,31
Gooselings,Home,https://www.gooselings.com/,9
To Øl,Beverage,https://toolbeer.dk/,8
Moon,Personal Care,https://moonoralcare.com/,22
Lulalu,Apparel,https://www.lulalu.com/,13
Weezie,Home,https://weezietowels.com/,14
Oars+Alps,Personal Care,https://www.oarsandalps.com/,16
Daye,Health & Wellness,https://yourdaye.com/,11
Stance Socks,Apparel,https://stance.eu.com/,8
Atoms,Apparel,https://atoms.com/,21
Mockingbird,Kids,https://hellomockingbird.com/,25
Frank and Oak,Apparel,https://www.frankandoak.com/,18
Farmers Dog,Pet,https://www.thefarmersdog.com/,14
Peach and Lily,Personal Care,https://www.peachandlily.com/,26
Yellowpop,Home,https://www.yellowpop.com/,17
Honeylove,Apparel,https://www.honeylove.com/,18
DRNXMYTH,Beverage,https://drnxmyth.com/,21
Jambys,Apparel,https://www.jambys.com/,38
Gemist,Apparel,https://www.gemist.co/,13
Everlane,Apparel,https://www.everlane.com/,17
Sunwink,Beverage,https://drinksunwink.com/,7
Heed Foods,Pet,https://www.heedfoods.com/,13
Three Ships,Personal Care,https://www.threeshipsbeauty.com/,18
Re,Food,https://regrocery.co/,3
PÄRLA,Personal Care,https://parlatoothpastetabs.com/,12
Genexa,Health & Wellness,https://www.genexa.com,18
Swoon,Beverage,https://www.tasteswoon.com/,12
Cubcoats,Apparel,https://cubcoats.com/,3
Plenaire,Personal Care,https://plenaire.co/,5
Myro,Personal Care,https://www.mymyro.com/,13
Wandering Bear,Beverage,https://wanderingbearcoffee.com/,29
Radswan,Personal Care,https://radswan.co.uk/,8
Framebridge,Home,https://www.framebridge.com/,10
Fatty15,Health & Wellness,https://fatty15.com/,13
Heist,Apparel,https://www.heist-studios.com/,9
The Black Tux,Apparel,https://theblacktux.com/,13
Item Beauty,Personal Care,https://www.itembeauty.com/,14
Good Boy,Pet,https://trygoodboy.com/,11
Made by Nacho,Pet,https://madebynacho.com/,11
Three Spirit,Beverage,https://threespiritdrinks.com/,27
Tushy,Home,https://hellotushy.com/,32
Kylie Cosmetics,Personal Care,https://www.kyliecosmetics.com/,21
Urban Stems,Lifestyle,https://urbanstems.com/,17
Strange Love,Beverage,https://strangelove.com.au/,10
Pair of Thieves,Apparel,https://pairofthieves.com/,14
Corro,Lifestyle,https://corroshop.com/,11
Veil,Home,https://smellveil.com/,8
Colekt,Personal Care,https://colekt.com/,6
Evolution_18,Personal Care,https://evolution18.com/,7
Keys Soulcare,Personal Care,https://www.keyssoulcare.com/,13
Dazey,Health & Wellness,https://shopdazey.com/,6
State Of Menopause,Health & Wellness,https://www.stateofmenopause.com/,8
Buffy,Home,https://buffy.co/,17
OUTLINES,Home,https://livingoutlines.com/,9
Manscaped,Personal Care,https://www.manscaped.com/,10
Primary,Apparel,https://www.primary.com/,15
Aplos,Beverage,https://aplos.world/,12
Billie,Personal Care,https://mybillie.com/,13
Cheeky Bonsai ,Personal Care,https://cheeky-bonsai.myshopify.com/,10
BABOON,Apparel,https://baboontothemoon.com/,24
Darya Hope ,Personal Care,https://daryahope.com/,8
Yark Beds,Home,https://yarkbeds.com/,12
Bôhten,Apparel,https://bohten.com/,9
Memore,Health & Wellness,https://yourmemore.com/,13
Proper Wild,Beverage,https://properwild.com/,12
Veark,Home,https://veark.com/,4
OSEA,Personal Care,https://oseamalibu.com/,18
Tuft & Paw,Pet,https://www.tuftandpaw.com/,14
Ingredients,Personal Care,https://ingredientswellness.com/,7
Scentbird,Personal Care,https://www.scentbird.com/,7
Jimmy Fairly,Apparel,https://jimmyfairly.co.uk/,13
Birch by Helix,Home,https://birchliving.com/,16
Cometeer,Beverage,https://cometeer.com/,13
Dirtea,Beverage,https://www.dirteaworld.com/,17
Tentree,Apparel,https://www.tentree.com/,19
Drink Volley,Beverage,https://drinkvolley.com/,8
Everist,Personal Care,https://helloeverist.com/,10
Leaf Shave,Personal Care,https://leafshave.com/,15
Dogdrop,Pet,https://www.dogdrop.co/,12
Nopeet,Apparel,https://www.nopeetstore.com/,6
Levain Bakery,Food,https://levainbakery.com/,12
Gobble Meals,Food,https://www.gobble.com/,10
Fiid,Food,https://www.eatfiid.com/,11
Fellow,Home,https://fellowproducts.com/,23
First Day,Kids,https://hifirstday.com/,20
Upwest,Apparel,https://upwest.com/,13
Cove,Health & Wellness,https://www.withcove.com/,9
A Good Company,Lifestyle,https://agood.com/,16
RIND Snacks,Food,https://www.rindsnacks.com/,12
Porter Road,Food,https://porterroad.com/,11
dongle c,Lifestyle,https://donglec.com,5
Snowe,Home,https://snowehome.com/,16
We Sake,Beverage,https://wesake.co/,6
OEM,Health & Wellness,https://oem.care/,5
Not Pot,Health & Wellness,https://notpot.com/,19
House of Wise,Health & Wellness,https://houseofwise.co/,20
Hermosa,Health & Wellness,https://livehermosa.com/,7
Enjjoy,Health & Wellness,https://www.enjjoy.com/,7
Hello Ned,Health & Wellness,https://helloned.com/,27
Noodelist,Food,https://www.noodelist.com/,8
Smol,Home,https://smolproducts.com/,12
Tiny Organics,Kids,https://www.tinyorganics.com/,13
Fellow Creatures,Food,https://www.fellowcreatures.co.uk/,8
Veles,Home,https://veles.com/,7
Birthdate,Home,https://birthdate.co/,22
Backdrop,Home,https://www.backdrophome.com/,5
Fly by Jing,Food,https://www.flybyjing.com/,27
Risewell,Personal Care,https://risewell.com/,12
Joi,Personal Care,https://www.shopjoi.com/,5
Athletic Greens,Health & Wellness,https://athleticgreens.com/us,10
Cat Person,Pet,https://www.catperson.com/,14
Petit Pli,Apparel,https://shop.petitpli.com/,12
Tonal ,Lifestyle,https://www.tonal.com/,15
Janji,Apparel,https://janji.com/,16
Koio,Apparel,https://www.koio.co/,20
Oura,Lifestyle,https://ouraring.com/,8
Field Lab,Health & Wellness,https://myfieldlab.com/,5
Iffley Road,Apparel,https://www.iffleyroad.com/,9
Hummingway,Health & Wellness,https://ourhummingway.com/,6
Tovala,Food,https://www.tovala.com/,14
Aloha,Food,https://aloha.com/,31
Happy Tuesdays,Health & Wellness,https://happytuesdays.com/,6
Chamberlain Coffee,Beverage,https://chamberlaincoffee.com/,22
Nuggs,Food,https://eatnuggs.com/,9
Rockets of Awesome,Kids,https://www.rocketsofawesome.com/,20
War Paint,Personal Care,https://warpaintformen.com/,17
Even,Health & Wellness,https://feeleven.com/,9
Moon Juice,Health & Wellness,https://moonjuice.com/,32
Vessi,Apparel,https://vessi.com/,28
Needed,Food,https://thisisneeded.com/,24
Thistle,Food,https://www.thistle.co/,12
Bippy,Home,https://heybippy.com/,11
Rael,Health & Wellness,https://www.getrael.com/,20
Beekeeper's Natural,Health & Wellness,https://beekeepersnaturals.com/,33
Le Tanneur,Apparel,https://www.letanneur.com/,11
Wnder,Beverage,https://wnder.com/,7
NooWave,Beverage,https://noowave.co/,7
Kopari,Personal Care,https://koparibeauty.com/,31
Prose,Personal Care,https://prose.com/,13
Sheep Inc.,Apparel,https://sheepinc.com/,9
Flow,Beverage,https://flowhydration.com/,20
Wildgrain,Food,https://wildgrain.com/,16
Olivers Apparel,Apparel,https://oliversapparel.com/,20
Youth To The People,Personal Care,https://www.youthtothepeople.com/,8
Yeti,Home,https://www.yeti.com/,25
ButcherBox,Food,https://www.butcherbox.com/,20
Bark Box,Pet,https://www.barkbox.com/,20
Retrospec,Lifestyle,https://retrospec.com/,15
Faculty,Personal Care,https://www.faculty.world/,6
Slate Milk,Beverage,https://slatemilk.com/,21
Ujji,Beverage,https://ujji.co/,8
Hanx,Health & Wellness,https://www.hanxofficial.com/,11
Treslúce ,Personal Care,https://treslucebeauty.com/,11
Boll and Branch,Home,https://www.bollandbranch.com/,23
Loops,Personal Care,https://www.loopsbeauty.com/,20
Ziggy,Pet,https://ziggyfamily.com/,15
Pair Eyewear,Apparel,https://paireyewear.com/,22
Flowerbx,Lifestyle,https://www.flowerbx.com/,7
Ensembl,Home,https://getensembl.com/,8
Cadence,Personal Care,https://keepyourcadence.com/,26
Beam Organics,Health & Wellness,https://beamtlc.com/,6
Cure,Beverage,https://www.curehydration.com/,18
Different Puzzles,Lifestyle,https://differentpuzzles.com/,4
Faace,Personal Care,https://www.wearefaace.com/,6
Oui the people,Personal Care,https://www.ouithepeople.com/,21
MOB,Personal Care,https://mobbeauty.com/,8
Moment,Beverage,https://drinkmoment.com/,19
Gentle Herd,Apparel,https://gentleherd.com/,6
Face Gym,Personal Care,https://facegym.com/,18
And Soda,Beverage,https://andsoda.co.uk/,9
Bellway,Health & Wellness,https://getbellway.com/,16
Clare Paint,Home,https://www.clare.com/,20
Sand Cloud,Lifestyle,https://www.sandcloud.com,31
Flewd,Health & Wellness,https://www.flewd.com/,17
Finn,Pet,https://www.petfinn.com/,18
Soko,Apparel,https://www.wearsoko.com/collections/shop,6
Avec,Beverage,https://avecdrinks.com/,13
Tubby Todd,Kids,https://tubbytodd.com/,25
Room,Lifestyle,https://room.com/,9
Jot,Beverage,https://jot.co/,24
Mad Rabbit,Personal Care,https://www.madrabbit.com/,24
Opal,Lifestyle,https://opalcamera.com/,4
Waldo ,Health & Wellness,https://www.hiwaldo.com/,5
From Yours,Personal Care,https://lovefromyours.com/,15
Maxbone,Pet,https://www.maxbone.com/,16
Summersalt,Apparel,https://www.summersalt.com/,22
Love Wellness,Health & Wellness,https://lovewellness.com/,24
Caraway,Home,https://www.carawayhome.com/,37
Bubble,Personal Care,https://hellobubble.com/,13
Software,Health & Wellness,https://www.skin.software/,8
Cariuma,Apparel,https://cariuma.com/,20
Owyn,Beverage,https://liveowyn.com/,21
Branch,Home,https://www.branchfurniture.com/,38
Lumity,Health & Wellness,https://lumitylife.com/,10
Offcourt,Personal Care,https://offcourt.com/,8
Torsa,Apparel,https://torsa.co.uk/,7
Bird & Be,Health & Wellness,https://birdandbe.com/,14
Truff,Food,https://www.truff.com/,28
MeUndies,Apparel,https://www.meundies.com/,24
Droplet,Beverage,https://drinkdroplet.com/,11
G Fuel,Lifestyle,https://gfuel.com/,18
Thousand Fell,Apparel,https://www.thousandfell.com/,22
Public Rec,Apparel,https://www.publicrec.com,31
MANTL,Personal Care,https://www.mantl.co/,8
Troop,Beverage,https://drinktroop.com/,9
Fully,Home,https://www.fully.com/,7
Cafe du Cycliste,Apparel,https://www.cafeducycliste.com/en_uk/,13
Tattly,Lifestyle,https://tattly.com/,7
Alex Crane,Apparel,https://alexcrane.co/,14
Misfits Market,Food,https://www.misfitsmarket.com/,11
Armra,Health & Wellness,https://tryarmra.com/,22
Kane,Apparel,https://kanefootwear.com/,6
Birchbox,Personal Care,https://www.birchbox.com/,13
Euka,Health & Wellness,https://eukawell.com/,16
Forever Candles,Home,https://en.forevercandles.com/,4
Russet,Home,https://www.russet.com/,5
Lane Eight,Apparel,https://laneeight.com/,12
Byte Bar,Food,https://www.bytebars.com,9
Disco,Personal Care,https://letsdisco.com/,24
Freestyle,Kids,https://www.freestyle.world/,8
Dr. Squatch,Personal Care,https://drsquatch.com/,33
Monoware,Home,https://www.monoware.com/,7
Cubitts,Apparel,https://www.cubitts.com/,8
Sound,Beverage,https://drinksound.com/,17
Curist,Health & Wellness,https://curistrelief.com/,9
EZPZ,Kids,https://ezpzfun.com/,16
Frank Darling,Apparel,https://frankdarling.com/,21
A Proper High,Health & Wellness,https://aproperhigh.com/,2
Feel Goods,Health & Wellness,https://www.feelgoods.co/,31
Earth & Star,Beverage,https://earthandstar.com/,10
Hi Smile,Personal Care,https://hismileteeth.com/,12
Year & Day,Home,https://yearandday.com/,11
Revival Rugs,Home,https://www.revivalrugs.com/,19
Almond Cow,Beverage,https://almondcow.co/,27
Spritz Society,Beverage,https://www.spritzsociety.com/,17
Dream Pops,Food,https://dreampops.com/,8
LoveSeen,Personal Care,https://loveseen.com/,20
Headquarters,Personal Care,https://www.shopheadquarters.com/,6
Feed,Food,https://www.feed.co/,16
AYR,Apparel,https://www.ayr.com/,16
HEXR,Apparel,https://hexr.com/,4
Asarai,Personal Care,https://www.asarai.com/,12
Cerebelly,Kids,https://cerebelly.com/,13
Haleys,Personal Care,https://haleysbeauty.com/,16
Bace Health,Health & Wellness,https://bacehealth.com/,11
Crown Affair,Personal Care,https://www.crownaffair.com/,12
Ciele,Apparel,https://cieleathletics.com/,19
Common Heir,Health & Wellness,https://commonheir.com/,7
Wiley Body,Personal Care,https://www.wileybody.com/,8
Stzy,Apparel,https://www.stzyofficial.com/,3
Soufflé,Home,https://www.soufflekitchen.com/,9
Terra Kaffe,Home,https://www.terrakaffe.com/,11
Rise & Fall,Home,https://riseandfall.co/,13
Piecework Puzzles,Lifestyle,https://pieceworkpuzzles.com/,7
Cool Haus,Food,https://cool.haus/,8
Scuf,Lifestyle,https://scufgaming.com/,8
Sculpd,Lifestyle,https://sculpd.co.uk/,18
Hers,Health & Wellness,https://www.forhers.com/,3
Marleybones,Pet,https://marleybones.com/,10
Salt & Stone,Personal Care,https://www.saltandstone.com/,12
Arknit studios,Apparel,https://www.artknit-studios.com/,20
Cheeky,Health & Wellness,https://getcheeky.com/,25
Casper,Home,https://casper.com/,17
Haute Hijab,Apparel,https://www.hautehijab.com/,20
Heatonist,Food,https://heatonist.com/,13
Unbound Babes,Health & Wellness,https://unboundbabes.com/,20
Porter & Pals,Pet,https://porterdog.com/,7
Ohne,Health & Wellness,https://ohne.com/,8
Fig.1,Personal Care,https://fig-1.co/,11
Bombas,Apparel,https://bombas.com/,21
Lucky Saint,Beverage,https://luckysaint.co/,11
Lisa Says Gah ,Apparel,https://lisasaysgah.com/,15
Avant Arte,Home,https://avantarte.com/,8
Petaluma,Pet,https://www.feedpetaluma.com/,7
Cotopaxi,Apparel,https://www.cotopaxi.com/,39
Outer,Home,https://liveouter.com/,22
Yana,Lifestyle,https://yanasleep.com/,11
Purple Carrot,Food,https://www.purplecarrot.com/,11
Corpus,Personal Care,https://corpusnaturals.com/,13
Jimmy Joy ,Food,https://jimmyjoy.com,24
Blueland,Home,https://www.blueland.com/,25
Frank Body,Personal Care,https://www.frankbody.com/,19
Les Miraculeux,Health & Wellness,https://www.lesmiraculeux.eu/,3
Doisy & Dam,Food,https://doisyanddam.com/,4
Wuffes,Pet,https://wuffes.com/,18
Finisterre,Apparel,https://finisterre.com/,16
Howl,Health & Wellness,https://www.howlworldwide.com/,8
Snow Days,Food,https://www.snowdays.com/,13
Onnit,Health & Wellness,https://www.onnit.com/,11
Anese,Personal Care,https://anese.co/,27
Allform,Home,https://allform.com/#,17
Nestig,Kids,https://www.nestig.com/,15
Kulfi,Personal Care,https://kulfibeauty.com/,12
OneBlade,Personal Care,https://www.onebladeshave.com/,21
Sourse,Health & Wellness,https://trysourse.com/,19
Offfield,Health & Wellness,https://offfield.com/,13
Shinola,Lifestyle,https://www.shinola.com/,10
Evereden,Personal Care,https://www.ever-eden.com/,24
Cann,Beverage,https://www.drinkcann.com/,20
Equal Parts,Home,https://equalparts.com/,11
Innate,Health & Wellness,https://innate-co.com/,5
ace & tate,Apparel,https://www.aceandtate.com/us,11
WHOOP,Lifestyle,https://www.whoop.com/,19
Duradry,Personal Care,https://duradry.com/,12
Le Prunier,Personal Care,https://leprunier.com/,17
Gel Blaster,Lifestyle,https://gelblaster.com/,11
Manukora,Food,https://manukora.com/,19
Tekla,Home,https://teklafabrics.com/,10
The Future is On Mars,Apparel,https://tfiom.com/,11
POMP,Home,https://pompflowers.com/,7
Personal Fav,Health & Wellness,https://personalfav.co/,6
Puresport,Health & Wellness,https://puresport.co/,10
Spacegoods,Health & Wellness,https://spacegoods.com/,21
Rumpl,Home,https://www.rumpl.com/,28
Argent,Apparel,https://argentwork.com/,12
Soundboks,Lifestyle,https://www.soundboks.com/,18
Ryvelle,Apparel,https://ryvelle.se/,8
Outerknown,Apparel,https://www.outerknown.com/,21
Bad Birdie,Apparel,https://badbirdiegolf.com/,26
Wednesday's Domaine,Beverage,https://wednesdaysdomaine.com/,3
r.e.m. beauty,Personal Care,https://rembeauty.com,10
Deeps,Personal Care,https://getdeeps.com/,9
LeMond Bikes,Lifestyle,https://lemond.com/,4
Flamingo Estate,Personal Care,https://flamingoestate.com/,19
Birdies,Apparel,https://birdies.com/,30
Mack Weldon,Apparel,https://mackweldon.com/,25
Malbon Golf,Apparel,https://malbongolf.com/,11
ION,Health & Wellness,https://intelligenceofnature.com/,10
Gobi,Apparel,https://www.gobicashmere.com/,10
Kite Beauty,Lifestyle,https://kitebeauty.co/,5
Nori ,Home,https://nori.co,9
Cabi,Food,https://cabifoods.com/,8
Floyd Home,Home,https://floydhome.com/,18
ELEMENTS,Health & Wellness,https://www.elementsofbalance.io/,8
Son of a Tailor,Apparel,https://www.sonofatailor.com/,3
Haus Labs,Personal Care,https://www.hauslabs.com/,15
About Face,Lifestyle,https://aboutface.com/,25
Drink Aid,Health & Wellness,https://drinkaid.co/,7
Eight,Beverage,https://eightbeer.com/,3
Happy Viking,Health & Wellness,https://drinkhappyviking.com/,15
Courtside,Beverage,https://drinkcourtside.com/,6
Pasta Evangelists,Food,https://pastaevangelists.com/,10
TWOTWO,Lifestyle,https://twotwo-official.com/,6
Cake Bikes,Lifestyle,https://ridecake.com/,6
Juvee,Beverage,https://drinkjuvee.com/,8
East Fork ,Home,https://www.eastfork.com/,16
Enso Rings,Apparel,https://ensorings.com/,36
The Last Crumb,Food,https://lastcrumb.com/,8
Steve Madden,Apparel,https://stevemadden.com/,26
Outstanding Foods,Food,https://www.outstandingfoods.com/,24
Rejuvia,Lifestyle,https://www.rejuvia.co/,7
Scooch,Pet,https://helloscooch.com/,12
Ice Barrel,Health & Wellness,https://icebarrel.com/,5
Moncler,Apparel,https://www.moncler.com/,3
Set Active,Apparel,https://setactive.co/,22
OFFHOURS,Apparel,https://offhours.co/,8
Leath,Lifestyle,https://growleath.com/,8
Chilly's,Lifestyle,https://www.chillys.com/,7
Big Green Egg,Home,https://biggreenegg.co.uk/,7
Aneski,Home,https://www.aneskihome.com/,9
Rapha,Apparel,https://www.rapha.cc/,9
SunGod,Apparel,https://www.sungod.co/,9
Brompton,Lifestyle,https://www.brompton.com/,12
Malla,Health & Wellness,https://malla.co/,13
PSD,Apparel,https://www.psdunderwear.com/,24
Zero Acre Farms,Food,https://www.zeroacre.com/,15
Julie,Health & Wellness,https://juliecare.co/,8
Raize,Food,https://www.eatraize.com/,8
Futurewise,Personal Care,https://futurewise.world/,5
Maisonette,Apparel,https://www.maisonette.com/,13
Dame,Lifestyle,https://dame.com/,14
Flaus,Personal Care,https://goflaus.com/,14
Goop,Personal Care,https://goop.com/,14
Feastables,Food,https://feastables.com/,10
HoldOn,Lifestyle,https://holdonbags.com/,9
Gote,Health & Wellness,https://www.gote.club/,4
Thursday Boots,Apparel,https://thursdayboots.com/,14
Ami Ami,Beverage,https://www.ami-ami.vin/,5
PRIME,Beverage,https://drinkprime.com/,5
Squigs,Personal Care,https://squigsbeauty.com/,6
Jems,Health & Wellness,https://jemsforall.com/,4
Hexclad,Home,https://hexclad.com/,15
ONEFOLD,Apparel,https://onefold.co/,6
Fallen Grape,Beverage,https://www.fallengrape.com,4
Roark,Apparel,https://roark.com/,12
Rachel Comey,Apparel,https://rachelcomey.com/,18
MOSH,Food,https://moshlife.com/,8
Roam,Personal Care,https://www.exploreroam.com/,6
Sol de Janeiro,Personal Care,https://soldejaneiro.com/,24
ILIA,Personal Care,https://iliabeauty.com/,22
Brewdog,Beverage,https://www.brewdog.com/,13
Vivobarefoot,Apparel,https://www.vivobarefoot.com/,12
Wisp,Health & Wellness,https://hellowisp.com/,6
LSKD,Apparel,https://www.lskd.co/,23
Drake's,Apparel,https://www.drakes.com/,10
Gantri,Home,https://www.gantri.com/,13
Red Ball Jets,Apparel,https://redballjets.co/,7
Urth ,Lifestyle,https://urth.co/,18
Caraa,Apparel,https://caraa.co/,15
waterdrop,Beverage,https://www.waterdrop.com/,3
Haven Athletic,Apparel,https://havenathletic.com/,10
Red Moose,Lifestyle,https://redmooseusa.com/,8
Bombay Island Coffee,Beverage,https://www.bombayisland.com/,4
YourLibaas,Apparel,https://www.yourlibaas.com/,11
The Muse,Apparel,https://shopthemuse.co/,7
True Classic,Apparel,https://trueclassictees.com/,27
Candid,Personal Care,https://www.candidco.com/,22
Joggy,Health & Wellness,https://getjoggy.com/,15
FLOOF,Home,https://floofliving.com/,6
Carbon Theory,Personal Care,https://carbontheory.com/,9
The Sunday Collective,Kids,https://thesundaycollective.com/,10
